지역,거래유형,주거유형,층조건,근접시설,보증금,월세,평수
강남구,전세,원룸,반지하,역세권,28952,0,5.4
강남구,전세,원룸,반지하,대학가 인근,17012,0,6.0
강남구,전세,원룸,반지하,학교 근처,12572,0,7.9
강남구,전세,원룸,반지하,마트 도보 5분,25870,0,5.3
강남구,전세,원룸,반지하,버스정류장 인접,21825,0,5.1
강남구,전세,원룸,반지하,,11070,0,5.9
강남구,전세,원룸,1층,역세권,24559,0,7.4
강남구,전세,원룸,1층,대학가 인근,26390,0,5.8
강남구,전세,원룸,1층,학교 근처,29295,0,7.8
강남구,전세,원룸,1층,마트 도보 5분,21746,0,5.9
강남구,전세,원룸,1층,버스정류장 인접,27309,0,6.1
강남구,전세,원룸,1층,,8212,0,8.0
강남구,전세,원룸,저층,역세권,13231,0,7.8
강남구,전세,원룸,저층,대학가 인근,19149,0,6.1
강남구,전세,원룸,저층,학교 근처,15055,0,8.8
강남구,전세,원룸,저층,마트 도보 5분,19029,0,5.4
강남구,전세,원룸,저층,버스정류장 인접,20449,0,5.4
강남구,전세,원룸,저층,,19270,0,7.4
강남구,전세,원룸,중층,역세권,9423,0,7.9
강남구,전세,원룸,중층,대학가 인근,25571,0,5.5
강남구,전세,원룸,중층,학교 근처,20403,0,5.3
강남구,전세,원룸,중층,마트 도보 5분,17606,0,8.3
강남구,전세,원룸,중층,버스정류장 인접,28267,0,8.5
강남구,전세,원룸,중층,,19850,0,7.3
강남구,전세,원룸,고층,역세권,10279,0,5.2
강남구,전세,원룸,고층,대학가 인근,15467,0,8.1
강남구,전세,원룸,고층,학교 근처,10614,0,8.4
강남구,전세,원룸,고층,마트 도보 5분,11309,0,6.5
강남구,전세,원룸,고층,버스정류장 인접,22857,0,7.5
강남구,전세,원룸,고층,,19954,0,5.7
강남구,전세,투룸,반지하,역세권,19641,0,11.3
강남구,전세,투룸,반지하,대학가 인근,16748,0,14.2
강남구,전세,투룸,반지하,학교 근처,29234,0,10.4
강남구,전세,투룸,반지하,마트 도보 5분,28806,0,11.0
강남구,전세,투룸,반지하,버스정류장 인접,16021,0,11.0
강남구,전세,투룸,반지하,,20433,0,11.6
강남구,전세,투룸,1층,역세권,28971,0,14.1
강남구,전세,투룸,1층,대학가 인근,15196,0,14.1
강남구,전세,투룸,1층,학교 근처,9832,0,11.4
강남구,전세,투룸,1층,마트 도보 5분,9051,0,14.8
강남구,전세,투룸,1층,버스정류장 인접,21145,0,11.6
강남구,전세,투룸,1층,,14913,0,15.5
강남구,전세,투룸,저층,역세권,26585,0,15.3
강남구,전세,투룸,저층,대학가 인근,18311,0,11.3
강남구,전세,투룸,저층,학교 근처,24358,0,12.4
강남구,전세,투룸,저층,마트 도보 5분,29064,0,12.8
강남구,전세,투룸,저층,버스정류장 인접,16679,0,10.8
강남구,전세,투룸,저층,,26394,0,13.2
강남구,전세,투룸,중층,역세권,27155,0,12.6
강남구,전세,투룸,중층,대학가 인근,27121,0,12.4
강남구,전세,투룸,중층,학교 근처,15186,0,16.0
강남구,전세,투룸,중층,마트 도보 5분,12532,0,13.1
강남구,전세,투룸,중층,버스정류장 인접,10978,0,14.5
강남구,전세,투룸,중층,,11592,0,10.9
강남구,전세,투룸,고층,역세권,13242,0,14.8
강남구,전세,투룸,고층,대학가 인근,21833,0,13.6
강남구,전세,투룸,고층,학교 근처,20608,0,12.3
강남구,전세,투룸,고층,마트 도보 5분,23337,0,13.2
강남구,전세,투룸,고층,버스정류장 인접,26128,0,15.2
강남구,전세,투룸,고층,,8376,0,14.1
강남구,전세,오피스텔,반지하,역세권,11753,0,11.1
강남구,전세,오피스텔,반지하,대학가 인근,25595,0,11.5
강남구,전세,오피스텔,반지하,학교 근처,29003,0,9.0
강남구,전세,오피스텔,반지하,마트 도보 5분,17617,0,9.6
강남구,전세,오피스텔,반지하,버스정류장 인접,22867,0,7.0
강남구,전세,오피스텔,반지하,,16630,0,12.8
강남구,전세,오피스텔,1층,역세권,13854,0,10.0
강남구,전세,오피스텔,1층,대학가 인근,11486,0,12.2
강남구,전세,오피스텔,1층,학교 근처,17779,0,12.1
강남구,전세,오피스텔,1층,마트 도보 5분,24635,0,10.7
강남구,전세,오피스텔,1층,버스정류장 인접,13008,0,9.2
강남구,전세,오피스텔,1층,,13293,0,10.2
강남구,전세,오피스텔,저층,역세권,25378,0,12.5
강남구,전세,오피스텔,저층,대학가 인근,27626,0,8.9
강남구,전세,오피스텔,저층,학교 근처,8638,0,7.7
강남구,전세,오피스텔,저층,마트 도보 5분,19894,0,12.3
강남구,전세,오피스텔,저층,버스정류장 인접,18076,0,8.4
강남구,전세,오피스텔,저층,,15892,0,12.3
강남구,전세,오피스텔,중층,역세권,10580,0,7.5
강남구,전세,오피스텔,중층,대학가 인근,23924,0,11.9
강남구,전세,오피스텔,중층,학교 근처,25455,0,11.6
강남구,전세,오피스텔,중층,마트 도보 5분,12207,0,11.0
강남구,전세,오피스텔,중층,버스정류장 인접,26015,0,8.0
강남구,전세,오피스텔,중층,,25290,0,12.2
강남구,전세,오피스텔,고층,역세권,21865,0,12.8
강남구,전세,오피스텔,고층,대학가 인근,25671,0,11.5
강남구,전세,오피스텔,고층,학교 근처,14591,0,11.3
강남구,전세,오피스텔,고층,마트 도보 5분,21074,0,13.0
강남구,전세,오피스텔,고층,버스정류장 인접,29295,0,9.2
강남구,전세,오피스텔,고층,,24959,0,9.7
강남구,월세,원룸,반지하,역세권,1420,75,5.3
강남구,월세,원룸,반지하,대학가 인근,2909,61,7.2
강남구,월세,원룸,반지하,학교 근처,1402,97,5.0
강남구,월세,원룸,반지하,마트 도보 5분,741,105,5.9
강남구,월세,원룸,반지하,버스정류장 인접,628,117,8.4
강남구,월세,원룸,반지하,,2605,64,6.0
강남구,월세,원룸,1층,역세권,2488,102,5.9
강남구,월세,원룸,1층,대학가 인근,2838,68,7.3
강남구,월세,원룸,1층,학교 근처,2437,75,8.2
강남구,월세,원룸,1층,마트 도보 5분,886,72,5.4
강남구,월세,원룸,1층,버스정류장 인접,1951,87,6.7
강남구,월세,원룸,1층,,721,89,7.7
강남구,월세,원룸,저층,역세권,903,101,5.2
강남구,월세,원룸,저층,대학가 인근,1889,106,8.2
강남구,월세,원룸,저층,학교 근처,1518,66,5.8
강남구,월세,원룸,저층,마트 도보 5분,2337,94,5.6
강남구,월세,원룸,저층,버스정류장 인접,1640,71,6.9
강남구,월세,원룸,저층,,808,115,6.8
강남구,월세,원룸,중층,역세권,2754,115,5.4
강남구,월세,원룸,중층,대학가 인근,2714,101,8.3
강남구,월세,원룸,중층,학교 근처,1468,65,5.7
강남구,월세,원룸,중층,마트 도보 5분,2471,91,5.9
강남구,월세,원룸,중층,버스정류장 인접,740,85,5.7
강남구,월세,원룸,중층,,2099,60,6.1
강남구,월세,원룸,고층,역세권,2363,110,6.1
강남구,월세,원룸,고층,대학가 인근,2776,104,7.6
강남구,월세,원룸,고층,학교 근처,1134,91,5.8
강남구,월세,원룸,고층,마트 도보 5분,739,73,7.3
강남구,월세,원룸,고층,버스정류장 인접,749,94,8.0
강남구,월세,원룸,고층,,705,63,7.3
강남구,월세,투룸,반지하,역세권,2675,92,10.9
강남구,월세,투룸,반지하,대학가 인근,828,92,15.1
강남구,월세,투룸,반지하,학교 근처,2937,64,10.4
강남구,월세,투룸,반지하,마트 도보 5분,1463,115,12.4
강남구,월세,투룸,반지하,버스정류장 인접,2833,120,11.5
강남구,월세,투룸,반지하,,662,98,13.7
강남구,월세,투룸,1층,역세권,2890,86,13.4
강남구,월세,투룸,1층,대학가 인근,1568,80,11.2
강남구,월세,투룸,1층,학교 근처,1786,105,11.4
강남구,월세,투룸,1층,마트 도보 5분,1036,85,14.0
강남구,월세,투룸,1층,버스정류장 인접,2372,79,11.9
강남구,월세,투룸,1층,,797,108,10.1
강남구,월세,투룸,저층,역세권,2806,99,16.0
강남구,월세,투룸,저층,대학가 인근,2702,64,11.3
강남구,월세,투룸,저층,학교 근처,1042,76,15.6
강남구,월세,투룸,저층,마트 도보 5분,781,116,15.3
강남구,월세,투룸,저층,버스정류장 인접,1667,83,10.9
강남구,월세,투룸,저층,,2725,113,14.2
강남구,월세,투룸,중층,역세권,2666,99,10.0
강남구,월세,투룸,중층,대학가 인근,2771,112,11.8
강남구,월세,투룸,중층,학교 근처,924,102,15.6
강남구,월세,투룸,중층,마트 도보 5분,1583,68,10.7
강남구,월세,투룸,중층,버스정류장 인접,2766,66,10.9
강남구,월세,투룸,중층,,2977,78,11.3
강남구,월세,투룸,고층,역세권,1333,81,14.1
강남구,월세,투룸,고층,대학가 인근,1581,114,13.0
강남구,월세,투룸,고층,학교 근처,708,76,10.6
강남구,월세,투룸,고층,마트 도보 5분,1633,87,10.3
강남구,월세,투룸,고층,버스정류장 인접,1035,81,13.8
강남구,월세,투룸,고층,,1161,76,14.4
강남구,월세,오피스텔,반지하,역세권,2251,95,10.4
강남구,월세,오피스텔,반지하,대학가 인근,808,67,12.7
강남구,월세,오피스텔,반지하,학교 근처,1110,104,10.3
강남구,월세,오피스텔,반지하,마트 도보 5분,2012,113,10.5
강남구,월세,오피스텔,반지하,버스정류장 인접,2260,69,7.8
강남구,월세,오피스텔,반지하,,1993,79,12.4
강남구,월세,오피스텔,1층,역세권,663,110,12.4
강남구,월세,오피스텔,1층,대학가 인근,1522,73,11.0
강남구,월세,오피스텔,1층,학교 근처,2793,82,12.3
강남구,월세,오피스텔,1층,마트 도보 5분,1133,86,12.6
강남구,월세,오피스텔,1층,버스정류장 인접,1165,75,12.9
강남구,월세,오피스텔,1층,,1225,111,12.3
강남구,월세,오피스텔,저층,역세권,1234,61,11.4
강남구,월세,오피스텔,저층,대학가 인근,2186,81,11.8
강남구,월세,오피스텔,저층,학교 근처,1516,115,8.6
강남구,월세,오피스텔,저층,마트 도보 5분,942,110,9.3
강남구,월세,오피스텔,저층,버스정류장 인접,2427,62,8.3
강남구,월세,오피스텔,저층,,2385,112,9.1
강남구,월세,오피스텔,중층,역세권,1432,112,8.3
강남구,월세,오피스텔,중층,대학가 인근,1291,102,9.4
강남구,월세,오피스텔,중층,학교 근처,784,77,12.8
강남구,월세,오피스텔,중층,마트 도보 5분,1938,77,10.8
강남구,월세,오피스텔,중층,버스정류장 인접,2696,85,9.0
강남구,월세,오피스텔,중층,,972,61,12.3
강남구,월세,오피스텔,고층,역세권,1231,76,10.5
강남구,월세,오피스텔,고층,대학가 인근,656,76,7.7
강남구,월세,오피스텔,고층,학교 근처,1915,87,11.4
강남구,월세,오피스텔,고층,마트 도보 5분,2287,80,10.6
강남구,월세,오피스텔,고층,버스정류장 인접,973,92,9.3
강남구,월세,오피스텔,고층,,1278,96,8.5
성동구,전세,원룸,반지하,역세권,22288,0,5.0
성동구,전세,원룸,반지하,대학가 인근,25643,0,7.7
성동구,전세,원룸,반지하,학교 근처,29975,0,5.8
성동구,전세,원룸,반지하,마트 도보 5분,22132,0,5.3
성동구,전세,원룸,반지하,버스정류장 인접,29765,0,8.7
성동구,전세,원룸,반지하,,28419,0,6.3
성동구,전세,원룸,1층,역세권,12083,0,7.9
성동구,전세,원룸,1층,대학가 인근,17840,0,7.0
성동구,전세,원룸,1층,학교 근처,29852,0,6.6
성동구,전세,원룸,1층,마트 도보 5분,21185,0,7.8
성동구,전세,원룸,1층,버스정류장 인접,26166,0,5.5
성동구,전세,원룸,1층,,21777,0,7.7
성동구,전세,원룸,저층,역세권,20423,0,7.7
성동구,전세,원룸,저층,대학가 인근,13702,0,7.5
성동구,전세,원룸,저층,학교 근처,17861,0,6.6
성동구,전세,원룸,저층,마트 도보 5분,8013,0,6.2
성동구,전세,원룸,저층,버스정류장 인접,14887,0,6.7
성동구,전세,원룸,저층,,27004,0,7.4
성동구,전세,원룸,중층,역세권,18559,0,6.9
성동구,전세,원룸,중층,대학가 인근,22488,0,7.7
성동구,전세,원룸,중층,학교 근처,24750,0,6.9
성동구,전세,원룸,중층,마트 도보 5분,13560,0,7.6
성동구,전세,원룸,중층,버스정류장 인접,17299,0,7.1
성동구,전세,원룸,중층,,28740,0,7.5
성동구,전세,원룸,고층,역세권,11060,0,8.3
성동구,전세,원룸,고층,대학가 인근,15696,0,7.7
성동구,전세,원룸,고층,학교 근처,15361,0,8.2
성동구,전세,원룸,고층,마트 도보 5분,12828,0,5.1
성동구,전세,원룸,고층,버스정류장 인접,16023,0,8.9
성동구,전세,원룸,고층,,28030,0,8.4
성동구,전세,투룸,반지하,역세권,10386,0,12.7
성동구,전세,투룸,반지하,대학가 인근,28636,0,13.5
성동구,전세,투룸,반지하,학교 근처,20582,0,13.0
성동구,전세,투룸,반지하,마트 도보 5분,15994,0,10.9
성동구,전세,투룸,반지하,버스정류장 인접,8181,0,15.4
성동구,전세,투룸,반지하,,11492,0,14.7
성동구,전세,투룸,1층,역세권,15170,0,11.1
성동구,전세,투룸,1층,대학가 인근,24972,0,12.8
성동구,전세,투룸,1층,학교 근처,26265,0,11.5
성동구,전세,투룸,1층,마트 도보 5분,11976,0,12.7
성동구,전세,투룸,1층,버스정류장 인접,23225,0,14.0
성동구,전세,투룸,1층,,26314,0,13.6
성동구,전세,투룸,저층,역세권,22502,0,13.7
성동구,전세,투룸,저층,대학가 인근,24540,0,12.6
성동구,전세,투룸,저층,학교 근처,25952,0,12.7
성동구,전세,투룸,저층,마트 도보 5분,13215,0,14.5
성동구,전세,투룸,저층,버스정류장 인접,23554,0,12.7
성동구,전세,투룸,저층,,16101,0,15.0
성동구,전세,투룸,중층,역세권,17086,0,14.6
성동구,전세,투룸,중층,대학가 인근,25081,0,12.9
성동구,전세,투룸,중층,학교 근처,15839,0,11.6
성동구,전세,투룸,중층,마트 도보 5분,10538,0,14.3
성동구,전세,투룸,중층,버스정류장 인접,15683,0,11.6
성동구,전세,투룸,중층,,18476,0,15.4
성동구,전세,투룸,고층,역세권,10640,0,10.8
성동구,전세,투룸,고층,대학가 인근,15577,0,12.3
성동구,전세,투룸,고층,학교 근처,13007,0,14.2
성동구,전세,투룸,고층,마트 도보 5분,10104,0,12.5
성동구,전세,투룸,고층,버스정류장 인접,18842,0,13.3
성동구,전세,투룸,고층,,21624,0,10.4
성동구,전세,오피스텔,반지하,역세권,21767,0,9.3
성동구,전세,오피스텔,반지하,대학가 인근,27139,0,12.7
성동구,전세,오피스텔,반지하,학교 근처,8640,0,12.1
성동구,전세,오피스텔,반지하,마트 도보 5분,26864,0,9.3
성동구,전세,오피스텔,반지하,버스정류장 인접,8193,0,12.7
성동구,전세,오피스텔,반지하,,17784,0,11.5
성동구,전세,오피스텔,1층,역세권,21730,0,10.2
성동구,전세,오피스텔,1층,대학가 인근,25895,0,11.8
성동구,전세,오피스텔,1층,학교 근처,15226,0,9.9
성동구,전세,오피스텔,1층,마트 도보 5분,16943,0,9.6
성동구,전세,오피스텔,1층,버스정류장 인접,8951,0,9.3
성동구,전세,오피스텔,1층,,29917,0,11.1
성동구,전세,오피스텔,저층,역세권,21248,0,11.3
성동구,전세,오피스텔,저층,대학가 인근,23315,0,12.5
성동구,전세,오피스텔,저층,학교 근처,28390,0,10.2
성동구,전세,오피스텔,저층,마트 도보 5분,20911,0,10.6
성동구,전세,오피스텔,저층,버스정류장 인접,29725,0,7.2
성동구,전세,오피스텔,저층,,29061,0,9.6
성동구,전세,오피스텔,중층,역세권,23128,0,8.1
성동구,전세,오피스텔,중층,대학가 인근,16524,0,9.3
성동구,전세,오피스텔,중층,학교 근처,14935,0,9.7
성동구,전세,오피스텔,중층,마트 도보 5분,19059,0,11.6
성동구,전세,오피스텔,중층,버스정류장 인접,20423,0,8.7
성동구,전세,오피스텔,중층,,21813,0,8.5
성동구,전세,오피스텔,고층,역세권,10683,0,9.8
성동구,전세,오피스텔,고층,대학가 인근,25675,0,7.3
성동구,전세,오피스텔,고층,학교 근처,19467,0,8.3
성동구,전세,오피스텔,고층,마트 도보 5분,10248,0,11.7
성동구,전세,오피스텔,고층,버스정류장 인접,29356,0,7.2
성동구,전세,오피스텔,고층,,9016,0,12.7
성동구,월세,원룸,반지하,역세권,583,57,7.5
성동구,월세,원룸,반지하,대학가 인근,1017,60,6.9
성동구,월세,원룸,반지하,학교 근처,2810,52,8.8
성동구,월세,원룸,반지하,마트 도보 5분,1549,74,8.1
성동구,월세,원룸,반지하,버스정류장 인접,2981,55,7.4
성동구,월세,원룸,반지하,,969,90,8.1
성동구,월세,원룸,1층,역세권,1774,55,5.4
성동구,월세,원룸,1층,대학가 인근,1777,46,7.3
성동구,월세,원룸,1층,학교 근처,2124,69,8.8
성동구,월세,원룸,1층,마트 도보 5분,811,57,7.4
성동구,월세,원룸,1층,버스정류장 인접,1494,85,5.4
성동구,월세,원룸,1층,,2959,64,8.2
성동구,월세,원룸,저층,역세권,668,81,6.4
성동구,월세,원룸,저층,대학가 인근,2017,72,5.3
성동구,월세,원룸,저층,학교 근처,1897,86,5.1
성동구,월세,원룸,저층,마트 도보 5분,2507,71,5.4
성동구,월세,원룸,저층,버스정류장 인접,2383,68,7.8
성동구,월세,원룸,저층,,1221,72,7.9
성동구,월세,원룸,중층,역세권,1606,86,7.5
성동구,월세,원룸,중층,대학가 인근,2480,79,6.9
성동구,월세,원룸,중층,학교 근처,1599,82,6.3
성동구,월세,원룸,중층,마트 도보 5분,854,60,6.1
성동구,월세,원룸,중층,버스정류장 인접,1498,73,8.0
성동구,월세,원룸,중층,,2999,81,7.7
성동구,월세,원룸,고층,역세권,617,66,7.0
성동구,월세,원룸,고층,대학가 인근,1244,65,7.0
성동구,월세,원룸,고층,학교 근처,1558,67,6.4
성동구,월세,원룸,고층,마트 도보 5분,1631,83,7.2
성동구,월세,원룸,고층,버스정류장 인접,1282,78,5.3
성동구,월세,원룸,고층,,2501,71,7.2
성동구,월세,투룸,반지하,역세권,2450,60,13.9
성동구,월세,투룸,반지하,대학가 인근,2335,76,14.8
성동구,월세,투룸,반지하,학교 근처,1705,50,11.3
성동구,월세,투룸,반지하,마트 도보 5분,1496,89,11.8
성동구,월세,투룸,반지하,버스정류장 인접,2011,82,12.8
성동구,월세,투룸,반지하,,1908,78,12.6
성동구,월세,투룸,1층,역세권,1854,80,12.1
성동구,월세,투룸,1층,대학가 인근,1609,74,11.8
성동구,월세,투룸,1층,학교 근처,994,59,14.3
성동구,월세,투룸,1층,마트 도보 5분,989,65,14.5
성동구,월세,투룸,1층,버스정류장 인접,1258,89,11.1
성동구,월세,투룸,1층,,1632,75,14.3
성동구,월세,투룸,저층,역세권,2944,78,11.7
성동구,월세,투룸,저층,대학가 인근,1295,51,11.8
성동구,월세,투룸,저층,학교 근처,1234,68,11.8
성동구,월세,투룸,저층,마트 도보 5분,2687,90,10.8
성동구,월세,투룸,저층,버스정류장 인접,723,47,13.3
성동구,월세,투룸,저층,,1017,89,13.8
성동구,월세,투룸,중층,역세권,920,76,15.2
성동구,월세,투룸,중층,대학가 인근,1664,81,12.8
성동구,월세,투룸,중층,학교 근처,1895,73,11.1
성동구,월세,투룸,중층,마트 도보 5분,1534,48,15.6
성동구,월세,투룸,중층,버스정류장 인접,967,75,14.9
성동구,월세,투룸,중층,,2514,70,10.4
성동구,월세,투룸,고층,역세권,719,85,10.9
성동구,월세,투룸,고층,대학가 인근,1744,81,10.5
성동구,월세,투룸,고층,학교 근처,985,60,13.3
성동구,월세,투룸,고층,마트 도보 5분,2983,71,13.6
성동구,월세,투룸,고층,버스정류장 인접,1424,84,14.7
성동구,월세,투룸,고층,,2345,69,15.5
성동구,월세,오피스텔,반지하,역세권,2910,64,12.9
성동구,월세,오피스텔,반지하,대학가 인근,2829,64,10.7
성동구,월세,오피스텔,반지하,학교 근처,906,84,12.7
성동구,월세,오피스텔,반지하,마트 도보 5분,1364,58,8.6
성동구,월세,오피스텔,반지하,버스정류장 인접,1143,50,8.4
성동구,월세,오피스텔,반지하,,807,80,7.9
성동구,월세,오피스텔,1층,역세권,2345,71,11.1
성동구,월세,오피스텔,1층,대학가 인근,1692,75,7.2
성동구,월세,오피스텔,1층,학교 근처,1658,63,11.2
성동구,월세,오피스텔,1층,마트 도보 5분,791,74,11.1
성동구,월세,오피스텔,1층,버스정류장 인접,2915,61,11.0
성동구,월세,오피스텔,1층,,2241,57,7.7
성동구,월세,오피스텔,저층,역세권,1110,59,12.5
성동구,월세,오피스텔,저층,대학가 인근,792,54,7.4
성동구,월세,오피스텔,저층,학교 근처,2937,64,11.5
성동구,월세,오피스텔,저층,마트 도보 5분,1682,81,9.6
성동구,월세,오피스텔,저층,버스정류장 인접,1745,74,11.2
성동구,월세,오피스텔,저층,,2549,62,10.2
성동구,월세,오피스텔,중층,역세권,829,73,10.6
성동구,월세,오피스텔,중층,대학가 인근,1820,72,10.6
성동구,월세,오피스텔,중층,학교 근처,874,46,8.4
성동구,월세,오피스텔,중층,마트 도보 5분,2856,88,10.5
성동구,월세,오피스텔,중층,버스정류장 인접,1603,46,10.5
성동구,월세,오피스텔,중층,,2427,56,10.1
성동구,월세,오피스텔,고층,역세권,1639,73,8.1
성동구,월세,오피스텔,고층,대학가 인근,2285,82,10.8
성동구,월세,오피스텔,고층,학교 근처,873,76,9.8
성동구,월세,오피스텔,고층,마트 도보 5분,1865,71,8.9
성동구,월세,오피스텔,고층,버스정류장 인접,1158,51,9.0
성동구,월세,오피스텔,고층,,2529,89,8.7
마포구,전세,원룸,반지하,역세권,21122,0,8.3
마포구,전세,원룸,반지하,대학가 인근,26025,0,5.1
마포구,전세,원룸,반지하,학교 근처,10885,0,6.3
마포구,전세,원룸,반지하,마트 도보 5분,18593,0,5.5
마포구,전세,원룸,반지하,버스정류장 인접,21244,0,8.5
마포구,전세,원룸,반지하,,8037,0,7.6
마포구,전세,원룸,1층,역세권,25779,0,6.8
마포구,전세,원룸,1층,대학가 인근,9776,0,5.8
마포구,전세,원룸,1층,학교 근처,19854,0,7.5
마포구,전세,원룸,1층,마트 도보 5분,24334,0,7.5
마포구,전세,원룸,1층,버스정류장 인접,9691,0,5.8
마포구,전세,원룸,1층,,25996,0,5.5
마포구,전세,원룸,저층,역세권,17438,0,6.8
마포구,전세,원룸,저층,대학가 인근,23883,0,5.5
마포구,전세,원룸,저층,학교 근처,28644,0,7.4
마포구,전세,원룸,저층,마트 도보 5분,15841,0,7.8
마포구,전세,원룸,저층,버스정류장 인접,18182,0,7.2
마포구,전세,원룸,저층,,26096,0,6.6
마포구,전세,원룸,중층,역세권,15362,0,9.0
마포구,전세,원룸,중층,대학가 인근,11717,0,6.8
마포구,전세,원룸,중층,학교 근처,11849,0,7.6
마포구,전세,원룸,중층,마트 도보 5분,13045,0,7.0
마포구,전세,원룸,중층,버스정류장 인접,17563,0,7.0
마포구,전세,원룸,중층,,16959,0,6.7
마포구,전세,원룸,고층,역세권,23810,0,8.9
마포구,전세,원룸,고층,대학가 인근,15986,0,6.8
마포구,전세,원룸,고층,학교 근처,12739,0,6.5
마포구,전세,원룸,고층,마트 도보 5분,27640,0,7.0
마포구,전세,원룸,고층,버스정류장 인접,12473,0,8.5
마포구,전세,원룸,고층,,17052,0,8.1
마포구,전세,투룸,반지하,역세권,21596,0,12.0
마포구,전세,투룸,반지하,대학가 인근,24637,0,11.6
마포구,전세,투룸,반지하,학교 근처,8084,0,11.7
마포구,전세,투룸,반지하,마트 도보 5분,17783,0,15.0
마포구,전세,투룸,반지하,버스정류장 인접,27002,0,16.0
마포구,전세,투룸,반지하,,24044,0,15.2
마포구,전세,투룸,1층,역세권,22632,0,13.2
마포구,전세,투룸,1층,대학가 인근,19309,0,12.0
마포구,전세,투룸,1층,학교 근처,25807,0,12.3
마포구,전세,투룸,1층,마트 도보 5분,18544,0,15.2
마포구,전세,투룸,1층,버스정류장 인접,15825,0,13.4
마포구,전세,투룸,1층,,15653,0,15.1
마포구,전세,투룸,저층,역세권,21460,0,10.3
마포구,전세,투룸,저층,대학가 인근,23498,0,14.2
마포구,전세,투룸,저층,학교 근처,20492,0,12.3
마포구,전세,투룸,저층,마트 도보 5분,29747,0,14.8
마포구,전세,투룸,저층,버스정류장 인접,29365,0,15.9
마포구,전세,투룸,저층,,24230,0,15.8
마포구,전세,투룸,중층,역세권,12136,0,13.0
마포구,전세,투룸,중층,대학가 인근,27339,0,12.0
마포구,전세,투룸,중층,학교 근처,11288,0,15.2
마포구,전세,투룸,중층,마트 도보 5분,22427,0,10.6
마포구,전세,투룸,중층,버스정류장 인접,22972,0,10.1
마포구,전세,투룸,중층,,12723,0,12.5
마포구,전세,투룸,고층,역세권,29455,0,15.8
마포구,전세,투룸,고층,대학가 인근,10451,0,12.8
마포구,전세,투룸,고층,학교 근처,16684,0,12.0
마포구,전세,투룸,고층,마트 도보 5분,21024,0,13.9
마포구,전세,투룸,고층,버스정류장 인접,18766,0,15.1
마포구,전세,투룸,고층,,25485,0,12.3
마포구,전세,오피스텔,반지하,역세권,18376,0,10.8
마포구,전세,오피스텔,반지하,대학가 인근,23989,0,12.2
마포구,전세,오피스텔,반지하,학교 근처,9176,0,10.7
마포구,전세,오피스텔,반지하,마트 도보 5분,15692,0,10.8
마포구,전세,오피스텔,반지하,버스정류장 인접,17416,0,13.0
마포구,전세,오피스텔,반지하,,10961,0,9.6
마포구,전세,오피스텔,1층,역세권,11225,0,11.6
마포구,전세,오피스텔,1층,대학가 인근,11293,0,9.7
마포구,전세,오피스텔,1층,학교 근처,17812,0,12.4
마포구,전세,오피스텔,1층,마트 도보 5분,9507,0,8.9
마포구,전세,오피스텔,1층,버스정류장 인접,9838,0,8.8
마포구,전세,오피스텔,1층,,20282,0,9.6
마포구,전세,오피스텔,저층,역세권,16001,0,10.2
마포구,전세,오피스텔,저층,대학가 인근,26544,0,11.1
마포구,전세,오피스텔,저층,학교 근처,13900,0,8.0
마포구,전세,오피스텔,저층,마트 도보 5분,10587,0,10.7
마포구,전세,오피스텔,저층,버스정류장 인접,20535,0,10.7
마포구,전세,오피스텔,저층,,15891,0,10.0
마포구,전세,오피스텔,중층,역세권,27108,0,7.9
마포구,전세,오피스텔,중층,대학가 인근,23110,0,10.8
마포구,전세,오피스텔,중층,학교 근처,23059,0,8.5
마포구,전세,오피스텔,중층,마트 도보 5분,8307,0,12.4
마포구,전세,오피스텔,중층,버스정류장 인접,23245,0,12.4
마포구,전세,오피스텔,중층,,25910,0,7.9
마포구,전세,오피스텔,고층,역세권,22474,0,12.7
마포구,전세,오피스텔,고층,대학가 인근,27253,0,8.8
마포구,전세,오피스텔,고층,학교 근처,21903,0,11.1
마포구,전세,오피스텔,고층,마트 도보 5분,22969,0,12.1
마포구,전세,오피스텔,고층,버스정류장 인접,14527,0,13.0
마포구,전세,오피스텔,고층,,23833,0,7.6
마포구,월세,원룸,반지하,역세권,2842,74,6.4
마포구,월세,원룸,반지하,대학가 인근,1709,68,5.1
마포구,월세,원룸,반지하,학교 근처,2121,92,6.1
마포구,월세,원룸,반지하,마트 도보 5분,700,86,8.6
마포구,월세,원룸,반지하,버스정류장 인접,1672,81,8.1
마포구,월세,원룸,반지하,,2986,64,8.2
마포구,월세,원룸,1층,역세권,1278,64,7.5
마포구,월세,원룸,1층,대학가 인근,1060,93,7.5
마포구,월세,원룸,1층,학교 근처,661,90,6.2
마포구,월세,원룸,1층,마트 도보 5분,636,78,7.3
마포구,월세,원룸,1층,버스정류장 인접,869,58,8.6
마포구,월세,원룸,1층,,2201,70,5.7
마포구,월세,원룸,저층,역세권,2709,58,8.5
마포구,월세,원룸,저층,대학가 인근,2674,73,7.0
마포구,월세,원룸,저층,학교 근처,1173,67,6.0
마포구,월세,원룸,저층,마트 도보 5분,1708,80,8.0
마포구,월세,원룸,저층,버스정류장 인접,971,71,6.9
마포구,월세,원룸,저층,,1076,54,8.0
마포구,월세,원룸,중층,역세권,2127,64,8.9
마포구,월세,원룸,중층,대학가 인근,1998,85,5.4
마포구,월세,원룸,중층,학교 근처,557,75,6.1
마포구,월세,원룸,중층,마트 도보 5분,2362,57,6.5
마포구,월세,원룸,중층,버스정류장 인접,1573,93,7.3
마포구,월세,원룸,중층,,2021,90,5.4
마포구,월세,원룸,고층,역세권,2431,64,5.1
마포구,월세,원룸,고층,대학가 인근,1843,85,8.7
마포구,월세,원룸,고층,학교 근처,758,64,7.5
마포구,월세,원룸,고층,마트 도보 5분,1737,79,7.6
마포구,월세,원룸,고층,버스정류장 인접,1072,57,5.2
마포구,월세,원룸,고층,,1746,52,9.0
마포구,월세,투룸,반지하,역세권,898,57,11.4
마포구,월세,투룸,반지하,대학가 인근,1055,84,12.3
마포구,월세,투룸,반지하,학교 근처,2712,73,12.5
마포구,월세,투룸,반지하,마트 도보 5분,2199,59,13.9
마포구,월세,투룸,반지하,버스정류장 인접,2171,81,15.6
마포구,월세,투룸,반지하,,634,67,14.1
마포구,월세,투룸,1층,역세권,2316,63,12.7
마포구,월세,투룸,1층,대학가 인근,1985,65,10.6
마포구,월세,투룸,1층,학교 근처,2004,93,13.3
마포구,월세,투룸,1층,마트 도보 5분,1969,91,10.4
마포구,월세,투룸,1층,버스정류장 인접,1277,67,15.8
마포구,월세,투룸,1층,,875,79,14.0
마포구,월세,투룸,저층,역세권,2945,91,15.8
마포구,월세,투룸,저층,대학가 인근,1866,53,11.5
마포구,월세,투룸,저층,학교 근처,2812,58,11.2
마포구,월세,투룸,저층,마트 도보 5분,1348,85,13.5
마포구,월세,투룸,저층,버스정류장 인접,1845,64,14.6
마포구,월세,투룸,저층,,511,88,11.7
마포구,월세,투룸,중층,역세권,1032,59,13.2
마포구,월세,투룸,중층,대학가 인근,950,61,14.0
마포구,월세,투룸,중층,학교 근처,1039,51,10.1
마포구,월세,투룸,중층,마트 도보 5분,2911,65,11.9
마포구,월세,투룸,중층,버스정류장 인접,1586,61,10.3
마포구,월세,투룸,중층,,2654,76,10.7
마포구,월세,투룸,고층,역세권,2450,54,12.7
마포구,월세,투룸,고층,대학가 인근,2602,73,13.6
마포구,월세,투룸,고층,학교 근처,2563,78,11.3
마포구,월세,투룸,고층,마트 도보 5분,677,89,14.4
마포구,월세,투룸,고층,버스정류장 인접,2635,92,11.8
마포구,월세,투룸,고층,,627,91,10.4
마포구,월세,오피스텔,반지하,역세권,2145,80,9.6
마포구,월세,오피스텔,반지하,대학가 인근,2508,56,11.3
마포구,월세,오피스텔,반지하,학교 근처,801,78,12.4
마포구,월세,오피스텔,반지하,마트 도보 5분,2991,70,7.9
마포구,월세,오피스텔,반지하,버스정류장 인접,1626,58,10.7
마포구,월세,오피스텔,반지하,,2746,87,11.3
마포구,월세,오피스텔,1층,역세권,2946,74,10.2
마포구,월세,오피스텔,1층,대학가 인근,2570,79,10.6
마포구,월세,오피스텔,1층,학교 근처,968,56,12.1
마포구,월세,오피스텔,1층,마트 도보 5분,2758,91,11.3
마포구,월세,오피스텔,1층,버스정류장 인접,2261,63,9.7
마포구,월세,오피스텔,1층,,2194,64,9.0
마포구,월세,오피스텔,저층,역세권,2133,79,9.5
마포구,월세,오피스텔,저층,대학가 인근,1780,56,9.6
마포구,월세,오피스텔,저층,학교 근처,1544,92,9.2
마포구,월세,오피스텔,저층,마트 도보 5분,2442,59,7.4
마포구,월세,오피스텔,저층,버스정류장 인접,881,55,9.6
마포구,월세,오피스텔,저층,,1032,73,10.3
마포구,월세,오피스텔,중층,역세권,2800,87,10.4
마포구,월세,오피스텔,중층,대학가 인근,1000,92,9.5
마포구,월세,오피스텔,중층,학교 근처,2232,92,12.2
마포구,월세,오피스텔,중층,마트 도보 5분,1678,53,10.6
마포구,월세,오피스텔,중층,버스정류장 인접,924,72,10.5
마포구,월세,오피스텔,중층,,1133,63,10.9
마포구,월세,오피스텔,고층,역세권,943,64,9.1
마포구,월세,오피스텔,고층,대학가 인근,2005,85,7.7
마포구,월세,오피스텔,고층,학교 근처,2851,67,8.4
마포구,월세,오피스텔,고층,마트 도보 5분,2797,77,12.8
마포구,월세,오피스텔,고층,버스정류장 인접,2780,89,7.2
마포구,월세,오피스텔,고층,,1595,92,7.2
관악구,전세,원룸,반지하,역세권,16954,0,7.8
관악구,전세,원룸,반지하,대학가 인근,18124,0,8.7
관악구,전세,원룸,반지하,학교 근처,19502,0,5.0
관악구,전세,원룸,반지하,마트 도보 5분,12694,0,7.3
관악구,전세,원룸,반지하,버스정류장 인접,21132,0,5.3
관악구,전세,원룸,반지하,,28747,0,8.9
관악구,전세,원룸,1층,역세권,11006,0,8.0
관악구,전세,원룸,1층,대학가 인근,15049,0,6.5
관악구,전세,원룸,1층,학교 근처,22865,0,6.4
관악구,전세,원룸,1층,마트 도보 5분,20125,0,6.2
관악구,전세,원룸,1층,버스정류장 인접,18629,0,8.1
관악구,전세,원룸,1층,,26598,0,7.4
관악구,전세,원룸,저층,역세권,9723,0,5.6
관악구,전세,원룸,저층,대학가 인근,28245,0,5.2
관악구,전세,원룸,저층,학교 근처,10673,0,6.1
관악구,전세,원룸,저층,마트 도보 5분,29690,0,6.7
관악구,전세,원룸,저층,버스정류장 인접,27892,0,6.8
관악구,전세,원룸,저층,,16951,0,5.9
관악구,전세,원룸,중층,역세권,24788,0,5.5
관악구,전세,원룸,중층,대학가 인근,22087,0,5.4
관악구,전세,원룸,중층,학교 근처,27435,0,6.9
관악구,전세,원룸,중층,마트 도보 5분,29860,0,6.2
관악구,전세,원룸,중층,버스정류장 인접,15225,0,6.6
관악구,전세,원룸,중층,,27638,0,5.2
관악구,전세,원룸,고층,역세권,14698,0,6.2
관악구,전세,원룸,고층,대학가 인근,14921,0,8.1
관악구,전세,원룸,고층,학교 근처,16372,0,6.2
관악구,전세,원룸,고층,마트 도보 5분,11931,0,5.0
관악구,전세,원룸,고층,버스정류장 인접,22111,0,5.7
관악구,전세,원룸,고층,,20458,0,7.1
관악구,전세,투룸,반지하,역세권,15540,0,13.0
관악구,전세,투룸,반지하,대학가 인근,29890,0,14.8
관악구,전세,투룸,반지하,학교 근처,10361,0,12.4
관악구,전세,투룸,반지하,마트 도보 5분,9386,0,12.6
관악구,전세,투룸,반지하,버스정류장 인접,23065,0,15.5
관악구,전세,투룸,반지하,,18258,0,13.5
관악구,전세,투룸,1층,역세권,26789,0,12.4
관악구,전세,투룸,1층,대학가 인근,28976,0,12.5
관악구,전세,투룸,1층,학교 근처,11774,0,12.4
관악구,전세,투룸,1층,마트 도보 5분,18642,0,11.0
관악구,전세,투룸,1층,버스정류장 인접,28254,0,12.8
관악구,전세,투룸,1층,,19857,0,10.5
관악구,전세,투룸,저층,역세권,11468,0,11.5
관악구,전세,투룸,저층,대학가 인근,27296,0,12.4
관악구,전세,투룸,저층,학교 근처,10577,0,12.4
관악구,전세,투룸,저층,마트 도보 5분,18167,0,14.5
관악구,전세,투룸,저층,버스정류장 인접,15260,0,12.0
관악구,전세,투룸,저층,,13509,0,10.5
관악구,전세,투룸,중층,역세권,28749,0,10.7
관악구,전세,투룸,중층,대학가 인근,24710,0,11.2
관악구,전세,투룸,중층,학교 근처,19448,0,12.1
관악구,전세,투룸,중층,마트 도보 5분,29149,0,14.9
관악구,전세,투룸,중층,버스정류장 인접,15742,0,10.6
관악구,전세,투룸,중층,,16387,0,11.2
관악구,전세,투룸,고층,역세권,27739,0,10.9
관악구,전세,투룸,고층,대학가 인근,29479,0,10.5
관악구,전세,투룸,고층,학교 근처,28576,0,13.0
관악구,전세,투룸,고층,마트 도보 5분,26472,0,14.6
관악구,전세,투룸,고층,버스정류장 인접,22709,0,14.1
관악구,전세,투룸,고층,,26497,0,13.9
관악구,전세,오피스텔,반지하,역세권,28464,0,8.9
관악구,전세,오피스텔,반지하,대학가 인근,28552,0,8.9
관악구,전세,오피스텔,반지하,학교 근처,22410,0,7.4
관악구,전세,오피스텔,반지하,마트 도보 5분,22490,0,10.8
관악구,전세,오피스텔,반지하,버스정류장 인접,17000,0,10.5
관악구,전세,오피스텔,반지하,,19532,0,10.0
관악구,전세,오피스텔,1층,역세권,18171,0,9.8
관악구,전세,오피스텔,1층,대학가 인근,9232,0,7.3
관악구,전세,오피스텔,1층,학교 근처,17406,0,7.5
관악구,전세,오피스텔,1층,마트 도보 5분,10958,0,10.7
관악구,전세,오피스텔,1층,버스정류장 인접,24615,0,9.3
관악구,전세,오피스텔,1층,,27016,0,10.3
관악구,전세,오피스텔,저층,역세권,9344,0,9.7
관악구,전세,오피스텔,저층,대학가 인근,26732,0,10.9
관악구,전세,오피스텔,저층,학교 근처,18535,0,10.6
관악구,전세,오피스텔,저층,마트 도보 5분,24428,0,7.9
관악구,전세,오피스텔,저층,버스정류장 인접,10027,0,9.7
관악구,전세,오피스텔,저층,,19253,0,12.9
관악구,전세,오피스텔,중층,역세권,10763,0,10.0
관악구,전세,오피스텔,중층,대학가 인근,13654,0,7.2
관악구,전세,오피스텔,중층,학교 근처,22344,0,12.9
관악구,전세,오피스텔,중층,마트 도보 5분,25172,0,10.1
관악구,전세,오피스텔,중층,버스정류장 인접,13201,0,9.2
관악구,전세,오피스텔,중층,,17269,0,9.3
관악구,전세,오피스텔,고층,역세권,19087,0,11.1
관악구,전세,오피스텔,고층,대학가 인근,9715,0,11.7
관악구,전세,오피스텔,고층,학교 근처,29210,0,9.0
관악구,전세,오피스텔,고층,마트 도보 5분,18803,0,7.6
관악구,전세,오피스텔,고층,버스정류장 인접,20666,0,8.7
관악구,전세,오피스텔,고층,,29514,0,12.8
관악구,월세,원룸,반지하,역세권,1115,54,6.3
관악구,월세,원룸,반지하,대학가 인근,1079,53,8.7
관악구,월세,원룸,반지하,학교 근처,2105,44,5.5
관악구,월세,원룸,반지하,마트 도보 5분,847,57,6.2
관악구,월세,원룸,반지하,버스정류장 인접,1845,47,8.3
관악구,월세,원룸,반지하,,2656,56,5.4
관악구,월세,원룸,1층,역세권,2234,56,7.0
관악구,월세,원룸,1층,대학가 인근,1985,35,6.2
관악구,월세,원룸,1층,학교 근처,1377,65,6.4
관악구,월세,원룸,1층,마트 도보 5분,2491,59,5.8
관악구,월세,원룸,1층,버스정류장 인접,1134,39,5.3
관악구,월세,원룸,1층,,914,62,7.0
관악구,월세,원룸,저층,역세권,2656,52,5.2
관악구,월세,원룸,저층,대학가 인근,1036,45,7.4
관악구,월세,원룸,저층,학교 근처,1164,39,5.7
관악구,월세,원룸,저층,마트 도보 5분,1178,57,7.9
관악구,월세,원룸,저층,버스정류장 인접,2182,36,6.5
관악구,월세,원룸,저층,,1472,58,8.9
관악구,월세,원룸,중층,역세권,1667,54,8.0
관악구,월세,원룸,중층,대학가 인근,2338,60,5.9
관악구,월세,원룸,중층,학교 근처,1767,42,8.9
관악구,월세,원룸,중층,마트 도보 5분,2421,60,8.6
관악구,월세,원룸,중층,버스정류장 인접,2006,41,7.7
관악구,월세,원룸,중층,,2304,53,6.8
관악구,월세,원룸,고층,역세권,2064,44,7.0
관악구,월세,원룸,고층,대학가 인근,1163,48,8.3
관악구,월세,원룸,고층,학교 근처,2976,60,5.6
관악구,월세,원룸,고층,마트 도보 5분,713,43,7.6
관악구,월세,원룸,고층,버스정류장 인접,2020,62,7.2
관악구,월세,원룸,고층,,2613,38,8.4
관악구,월세,투룸,반지하,역세권,843,44,14.6
관악구,월세,투룸,반지하,대학가 인근,2340,43,15.4
관악구,월세,투룸,반지하,학교 근처,2291,39,10.6
관악구,월세,투룸,반지하,마트 도보 5분,1409,64,14.9
관악구,월세,투룸,반지하,버스정류장 인접,1931,63,15.6
관악구,월세,투룸,반지하,,718,48,12.4
관악구,월세,투룸,1층,역세권,1465,46,12.3
관악구,월세,투룸,1층,대학가 인근,2035,37,11.3
관악구,월세,투룸,1층,학교 근처,905,45,15.0
관악구,월세,투룸,1층,마트 도보 5분,1873,55,14.7
관악구,월세,투룸,1층,버스정류장 인접,656,39,11.7
관악구,월세,투룸,1층,,2435,61,14.2
관악구,월세,투룸,저층,역세권,2421,39,12.7
관악구,월세,투룸,저층,대학가 인근,824,35,10.1
관악구,월세,투룸,저층,학교 근처,1112,41,13.3
관악구,월세,투룸,저층,마트 도보 5분,2993,58,13.2
관악구,월세,투룸,저층,버스정류장 인접,1680,38,11.4
관악구,월세,투룸,저층,,695,38,11.4
관악구,월세,투룸,중층,역세권,2372,55,10.4
관악구,월세,투룸,중층,대학가 인근,2547,61,13.6
관악구,월세,투룸,중층,학교 근처,2610,35,13.5
관악구,월세,투룸,중층,마트 도보 5분,1088,57,11.7
관악구,월세,투룸,중층,버스정류장 인접,1945,35,11.4
관악구,월세,투룸,중층,,1267,48,14.0
관악구,월세,투룸,고층,역세권,2644,37,15.8
관악구,월세,투룸,고층,대학가 인근,2654,37,13.3
관악구,월세,투룸,고층,학교 근처,2579,60,13.3
관악구,월세,투룸,고층,마트 도보 5분,2425,47,10.3
관악구,월세,투룸,고층,버스정류장 인접,2029,47,11.5
관악구,월세,투룸,고층,,1962,35,14.7
관악구,월세,오피스텔,반지하,역세권,1487,46,11.4
관악구,월세,오피스텔,반지하,대학가 인근,924,55,11.6
관악구,월세,오피스텔,반지하,학교 근처,1861,58,7.8
관악구,월세,오피스텔,반지하,마트 도보 5분,2736,46,9.0
관악구,월세,오피스텔,반지하,버스정류장 인접,1217,55,12.0
관악구,월세,오피스텔,반지하,,2403,56,12.9
관악구,월세,오피스텔,1층,역세권,1246,50,11.9
관악구,월세,오피스텔,1층,대학가 인근,2374,37,7.2
관악구,월세,오피스텔,1층,학교 근처,679,41,11.7
관악구,월세,오피스텔,1층,마트 도보 5분,671,63,8.9
관악구,월세,오피스텔,1층,버스정류장 인접,2611,44,9.4
관악구,월세,오피스텔,1층,,2724,61,9.8
관악구,월세,오피스텔,저층,역세권,1282,36,8.7
관악구,월세,오피스텔,저층,대학가 인근,695,62,12.2
관악구,월세,오피스텔,저층,학교 근처,1619,45,7.7
관악구,월세,오피스텔,저층,마트 도보 5분,2289,46,12.3
관악구,월세,오피스텔,저층,버스정류장 인접,2301,58,12.4
관악구,월세,오피스텔,저층,,1888,47,12.8
관악구,월세,오피스텔,중층,역세권,2537,50,9.2
관악구,월세,오피스텔,중층,대학가 인근,2626,60,8.6
관악구,월세,오피스텔,중층,학교 근처,2238,37,7.5
관악구,월세,오피스텔,중층,마트 도보 5분,1239,54,10.3
관악구,월세,오피스텔,중층,버스정류장 인접,920,45,7.5
관악구,월세,오피스텔,중층,,1710,56,8.8
관악구,월세,오피스텔,고층,역세권,2245,54,8.0
관악구,월세,오피스텔,고층,대학가 인근,1939,49,9.7
관악구,월세,오피스텔,고층,학교 근처,1944,58,10.7
관악구,월세,오피스텔,고층,마트 도보 5분,1624,48,10.8
관악구,월세,오피스텔,고층,버스정류장 인접,734,60,7.5
관악구,월세,오피스텔,고층,,2163,55,9.2
노원구,전세,원룸,반지하,역세권,13242,0,8.8
노원구,전세,원룸,반지하,대학가 인근,12678,0,8.4
노원구,전세,원룸,반지하,학교 근처,22358,0,5.1
노원구,전세,원룸,반지하,마트 도보 5분,10203,0,5.9
노원구,전세,원룸,반지하,버스정류장 인접,29140,0,6.5
노원구,전세,원룸,반지하,,20545,0,8.8
노원구,전세,원룸,1층,역세권,9061,0,7.4
노원구,전세,원룸,1층,대학가 인근,22743,0,8.8
노원구,전세,원룸,1층,학교 근처,20190,0,6.8
노원구,전세,원룸,1층,마트 도보 5분,10519,0,7.3
노원구,전세,원룸,1층,버스정류장 인접,25349,0,6.5
노원구,전세,원룸,1층,,18301,0,7.6
노원구,전세,원룸,저층,역세권,16179,0,8.8
노원구,전세,원룸,저층,대학가 인근,8849,0,7.9
노원구,전세,원룸,저층,학교 근처,24352,0,7.1
노원구,전세,원룸,저층,마트 도보 5분,26404,0,5.5
노원구,전세,원룸,저층,버스정류장 인접,16529,0,7.8
노원구,전세,원룸,저층,,15031,0,9.0
노원구,전세,원룸,중층,역세권,17357,0,7.8
노원구,전세,원룸,중층,대학가 인근,24095,0,5.8
노원구,전세,원룸,중층,학교 근처,12447,0,8.4
노원구,전세,원룸,중층,마트 도보 5분,22812,0,5.7
노원구,전세,원룸,중층,버스정류장 인접,22585,0,9.0
노원구,전세,원룸,중층,,18472,0,7.7
노원구,전세,원룸,고층,역세권,10127,0,7.2
노원구,전세,원룸,고층,대학가 인근,17514,0,8.6
노원구,전세,원룸,고층,학교 근처,13161,0,7.8
노원구,전세,원룸,고층,마트 도보 5분,28896,0,5.7
노원구,전세,원룸,고층,버스정류장 인접,19845,0,7.0
노원구,전세,원룸,고층,,11976,0,8.9
노원구,전세,투룸,반지하,역세권,12550,0,11.4
노원구,전세,투룸,반지하,대학가 인근,24188,0,10.2
노원구,전세,투룸,반지하,학교 근처,26154,0,13.4
노원구,전세,투룸,반지하,마트 도보 5분,23315,0,14.8
노원구,전세,투룸,반지하,버스정류장 인접,26076,0,10.8
노원구,전세,투룸,반지하,,10825,0,10.4
노원구,전세,투룸,1층,역세권,21046,0,16.0
노원구,전세,투룸,1층,대학가 인근,23684,0,13.2
노원구,전세,투룸,1층,학교 근처,21416,0,14.9
노원구,전세,투룸,1층,마트 도보 5분,10416,0,10.8
노원구,전세,투룸,1층,버스정류장 인접,18388,0,13.9
노원구,전세,투룸,1층,,22744,0,12.8
노원구,전세,투룸,저층,역세권,24952,0,12.1
노원구,전세,투룸,저층,대학가 인근,26065,0,13.8
노원구,전세,투룸,저층,학교 근처,13962,0,14.6
노원구,전세,투룸,저층,마트 도보 5분,12228,0,12.6
노원구,전세,투룸,저층,버스정류장 인접,9815,0,15.0
노원구,전세,투룸,저층,,24977,0,10.9
노원구,전세,투룸,중층,역세권,13395,0,11.0
노원구,전세,투룸,중층,대학가 인근,15388,0,12.1
노원구,전세,투룸,중층,학교 근처,25003,0,15.4
노원구,전세,투룸,중층,마트 도보 5분,10584,0,11.5
노원구,전세,투룸,중층,버스정류장 인접,28809,0,15.7
노원구,전세,투룸,중층,,16993,0,10.8
노원구,전세,투룸,고층,역세권,17922,0,13.7
노원구,전세,투룸,고층,대학가 인근,11061,0,13.0
노원구,전세,투룸,고층,학교 근처,13525,0,13.6
노원구,전세,투룸,고층,마트 도보 5분,27026,0,10.9
노원구,전세,투룸,고층,버스정류장 인접,29585,0,13.7
노원구,전세,투룸,고층,,27829,0,12.0
노원구,전세,오피스텔,반지하,역세권,26468,0,7.2
노원구,전세,오피스텔,반지하,대학가 인근,8929,0,7.5
노원구,전세,오피스텔,반지하,학교 근처,29019,0,11.6
노원구,전세,오피스텔,반지하,마트 도보 5분,16672,0,10.9
노원구,전세,오피스텔,반지하,버스정류장 인접,26747,0,9.5
노원구,전세,오피스텔,반지하,,28938,0,7.2
노원구,전세,오피스텔,1층,역세권,28550,0,10.3
노원구,전세,오피스텔,1층,대학가 인근,29034,0,12.7
노원구,전세,오피스텔,1층,학교 근처,23825,0,8.5
노원구,전세,오피스텔,1층,마트 도보 5분,21306,0,8.8
노원구,전세,오피스텔,1층,버스정류장 인접,10391,0,11.1
노원구,전세,오피스텔,1층,,13179,0,9.6
노원구,전세,오피스텔,저층,역세권,23867,0,9.8
노원구,전세,오피스텔,저층,대학가 인근,19147,0,10.6
노원구,전세,오피스텔,저층,학교 근처,18242,0,12.2
노원구,전세,오피스텔,저층,마트 도보 5분,18463,0,11.4
노원구,전세,오피스텔,저층,버스정류장 인접,19317,0,12.9
노원구,전세,오피스텔,저층,,12284,0,11.6
노원구,전세,오피스텔,중층,역세권,24874,0,10.4
노원구,전세,오피스텔,중층,대학가 인근,18456,0,8.5
노원구,전세,오피스텔,중층,학교 근처,12014,0,8.6
노원구,전세,오피스텔,중층,마트 도보 5분,16123,0,7.8
노원구,전세,오피스텔,중층,버스정류장 인접,9658,0,8.7
노원구,전세,오피스텔,중층,,20587,0,12.2
노원구,전세,오피스텔,고층,역세권,21701,0,8.5
노원구,전세,오피스텔,고층,대학가 인근,13233,0,11.9
노원구,전세,오피스텔,고층,학교 근처,26929,0,11.3
노원구,전세,오피스텔,고층,마트 도보 5분,14220,0,11.6
노원구,전세,오피스텔,고층,버스정류장 인접,24327,0,13.0
노원구,전세,오피스텔,고층,,23296,0,10.0
노원구,월세,원룸,반지하,역세권,2537,39,5.1
노원구,월세,원룸,반지하,대학가 인근,2570,42,6.8
노원구,월세,원룸,반지하,학교 근처,1381,37,7.3
노원구,월세,원룸,반지하,마트 도보 5분,707,31,6.1
노원구,월세,원룸,반지하,버스정류장 인접,2427,49,6.1
노원구,월세,원룸,반지하,,940,30,6.7
노원구,월세,원룸,1층,역세권,1998,38,8.1
노원구,월세,원룸,1층,대학가 인근,685,41,6.6
노원구,월세,원룸,1층,학교 근처,2801,48,5.8
노원구,월세,원룸,1층,마트 도보 5분,1682,47,5.3
노원구,월세,원룸,1층,버스정류장 인접,2344,46,8.1
노원구,월세,원룸,1층,,986,38,5.5
노원구,월세,원룸,저층,역세권,2113,33,6.5
노원구,월세,원룸,저층,대학가 인근,2784,40,8.8
노원구,월세,원룸,저층,학교 근처,1090,54,5.8
노원구,월세,원룸,저층,마트 도보 5분,2144,46,7.0
노원구,월세,원룸,저층,버스정류장 인접,659,31,5.5
노원구,월세,원룸,저층,,2440,40,7.1
노원구,월세,원룸,중층,역세권,2983,34,8.6
노원구,월세,원룸,중층,대학가 인근,1843,34,8.7
노원구,월세,원룸,중층,학교 근처,1165,40,6.6
노원구,월세,원룸,중층,마트 도보 5분,1725,49,7.4
노원구,월세,원룸,중층,버스정류장 인접,2587,46,7.1
노원구,월세,원룸,중층,,2805,52,6.2
노원구,월세,원룸,고층,역세권,2008,30,6.3
노원구,월세,원룸,고층,대학가 인근,2206,33,7.3
노원구,월세,원룸,고층,학교 근처,609,55,7.4
노원구,월세,원룸,고층,마트 도보 5분,2869,38,7.3
노원구,월세,원룸,고층,버스정류장 인접,710,53,7.3
노원구,월세,원룸,고층,,2647,35,7.5
노원구,월세,투룸,반지하,역세권,2057,49,10.9
노원구,월세,투룸,반지하,대학가 인근,1492,51,10.2
노원구,월세,투룸,반지하,학교 근처,950,52,11.1
노원구,월세,투룸,반지하,마트 도보 5분,1784,44,12.5
노원구,월세,투룸,반지하,버스정류장 인접,1335,43,12.5
노원구,월세,투룸,반지하,,2431,54,15.2
노원구,월세,투룸,1층,역세권,755,53,14.2
노원구,월세,투룸,1층,대학가 인근,1349,46,13.4
노원구,월세,투룸,1층,학교 근처,2459,51,13.2
노원구,월세,투룸,1층,마트 도보 5분,1209,40,12.8
노원구,월세,투룸,1층,버스정류장 인접,1902,47,13.3
노원구,월세,투룸,1층,,1582,51,13.7
노원구,월세,투룸,저층,역세권,1509,36,11.7
노원구,월세,투룸,저층,대학가 인근,1421,39,15.6
노원구,월세,투룸,저층,학교 근처,1683,39,14.2
노원구,월세,투룸,저층,마트 도보 5분,2502,52,11.9
노원구,월세,투룸,저층,버스정류장 인접,2795,41,15.6
노원구,월세,투룸,저층,,1620,55,11.7
노원구,월세,투룸,중층,역세권,2724,48,12.3
노원구,월세,투룸,중층,대학가 인근,1913,42,15.7
노원구,월세,투룸,중층,학교 근처,1099,55,11.7
노원구,월세,투룸,중층,마트 도보 5분,823,39,12.1
노원구,월세,투룸,중층,버스정류장 인접,1550,44,14.5
노원구,월세,투룸,중층,,1327,36,15.0
노원구,월세,투룸,고층,역세권,2802,38,14.2
노원구,월세,투룸,고층,대학가 인근,947,34,13.7
노원구,월세,투룸,고층,학교 근처,1480,48,11.5
노원구,월세,투룸,고층,마트 도보 5분,2675,51,11.4
노원구,월세,투룸,고층,버스정류장 인접,715,37,10.6
노원구,월세,투룸,고층,,2434,40,10.6
노원구,월세,오피스텔,반지하,역세권,1063,54,7.0
노원구,월세,오피스텔,반지하,대학가 인근,1146,47,9.4
노원구,월세,오피스텔,반지하,학교 근처,2455,45,10.9
노원구,월세,오피스텔,반지하,마트 도보 5분,1676,54,8.9
노원구,월세,오피스텔,반지하,버스정류장 인접,742,50,12.4
노원구,월세,오피스텔,반지하,,2851,32,8.4
노원구,월세,오피스텔,1층,역세권,652,53,12.5
노원구,월세,오피스텔,1층,대학가 인근,2211,35,12.3
노원구,월세,오피스텔,1층,학교 근처,648,35,13.0
노원구,월세,오피스텔,1층,마트 도보 5분,2529,42,8.1
노원구,월세,오피스텔,1층,버스정류장 인접,1685,53,12.3
노원구,월세,오피스텔,1층,,1722,30,10.4
노원구,월세,오피스텔,저층,역세권,1872,33,8.7
노원구,월세,오피스텔,저층,대학가 인근,2725,50,10.1
노원구,월세,오피스텔,저층,학교 근처,2565,34,9.8
노원구,월세,오피스텔,저층,마트 도보 5분,961,36,9.0
노원구,월세,오피스텔,저층,버스정류장 인접,2379,53,10.9
노원구,월세,오피스텔,저층,,1262,52,7.1
노원구,월세,오피스텔,중층,역세권,1708,40,10.4
노원구,월세,오피스텔,중층,대학가 인근,1291,54,8.1
노원구,월세,오피스텔,중층,학교 근처,2160,50,12.0
노원구,월세,오피스텔,중층,마트 도보 5분,1843,46,7.5
노원구,월세,오피스텔,중층,버스정류장 인접,890,51,8.1
노원구,월세,오피스텔,중층,,2455,34,8.9
노원구,월세,오피스텔,고층,역세권,527,37,8.6
노원구,월세,오피스텔,고층,대학가 인근,2329,37,11.5
노원구,월세,오피스텔,고층,학교 근처,1736,40,10.5
노원구,월세,오피스텔,고층,마트 도보 5분,546,48,8.6
노원구,월세,오피스텔,고층,버스정류장 인접,1467,41,7.4
노원구,월세,오피스텔,고층,,2406,33,8.8
송파구,전세,원룸,반지하,역세권,21284,0,7.7
송파구,전세,원룸,반지하,대학가 인근,18190,0,7.8
송파구,전세,원룸,반지하,학교 근처,28929,0,8.7
송파구,전세,원룸,반지하,마트 도보 5분,17667,0,6.5
송파구,전세,원룸,반지하,버스정류장 인접,15236,0,5.9
송파구,전세,원룸,반지하,,12376,0,6.9
송파구,전세,원룸,1층,역세권,22908,0,8.0
송파구,전세,원룸,1층,대학가 인근,27848,0,6.5
송파구,전세,원룸,1층,학교 근처,25997,0,8.7
송파구,전세,원룸,1층,마트 도보 5분,25613,0,8.2
송파구,전세,원룸,1층,버스정류장 인접,15156,0,8.0
송파구,전세,원룸,1층,,27523,0,8.5
송파구,전세,원룸,저층,역세권,10682,0,7.1
송파구,전세,원룸,저층,대학가 인근,25307,0,7.8
송파구,전세,원룸,저층,학교 근처,10559,0,8.7
송파구,전세,원룸,저층,마트 도보 5분,11676,0,5.2
송파구,전세,원룸,저층,버스정류장 인접,25945,0,8.6
송파구,전세,원룸,저층,,14624,0,7.3
송파구,전세,원룸,중층,역세권,12910,0,5.7
송파구,전세,원룸,중층,대학가 인근,25050,0,6.8
송파구,전세,원룸,중층,학교 근처,14730,0,7.9
송파구,전세,원룸,중층,마트 도보 5분,24017,0,5.4
송파구,전세,원룸,중층,버스정류장 인접,24723,0,6.8
송파구,전세,원룸,중층,,9823,0,6.8
송파구,전세,원룸,고층,역세권,24818,0,6.7
송파구,전세,원룸,고층,대학가 인근,26478,0,5.2
송파구,전세,원룸,고층,학교 근처,23151,0,7.7
송파구,전세,원룸,고층,마트 도보 5분,18098,0,7.9
송파구,전세,원룸,고층,버스정류장 인접,20974,0,6.0
송파구,전세,원룸,고층,,8098,0,8.0
송파구,전세,투룸,반지하,역세권,26950,0,10.4
송파구,전세,투룸,반지하,대학가 인근,21883,0,12.1
송파구,전세,투룸,반지하,학교 근처,10089,0,13.2
송파구,전세,투룸,반지하,마트 도보 5분,9974,0,15.6
송파구,전세,투룸,반지하,버스정류장 인접,10261,0,15.9
송파구,전세,투룸,반지하,,23468,0,10.2
송파구,전세,투룸,1층,역세권,21397,0,11.1
송파구,전세,투룸,1층,대학가 인근,12437,0,14.6
송파구,전세,투룸,1층,학교 근처,29164,0,15.8
송파구,전세,투룸,1층,마트 도보 5분,20270,0,16.0
송파구,전세,투룸,1층,버스정류장 인접,20533,0,12.7
송파구,전세,투룸,1층,,20369,0,12.3
송파구,전세,투룸,저층,역세권,29685,0,15.2
송파구,전세,투룸,저층,대학가 인근,12357,0,13.9
송파구,전세,투룸,저층,학교 근처,19395,0,10.7
송파구,전세,투룸,저층,마트 도보 5분,25604,0,12.4
송파구,전세,투룸,저층,버스정류장 인접,12172,0,14.4
송파구,전세,투룸,저층,,15297,0,15.0
송파구,전세,투룸,중층,역세권,8744,0,15.9
송파구,전세,투룸,중층,대학가 인근,23171,0,14.0
송파구,전세,투룸,중층,학교 근처,25840,0,12.5
송파구,전세,투룸,중층,마트 도보 5분,20428,0,14.9
송파구,전세,투룸,중층,버스정류장 인접,16110,0,12.8
송파구,전세,투룸,중층,,13083,0,11.7
송파구,전세,투룸,고층,역세권,11697,0,10.2
송파구,전세,투룸,고층,대학가 인근,29633,0,12.5
송파구,전세,투룸,고층,학교 근처,8512,0,11.4
송파구,전세,투룸,고층,마트 도보 5분,10204,0,10.6
송파구,전세,투룸,고층,버스정류장 인접,9100,0,12.7
송파구,전세,투룸,고층,,9595,0,11.5
송파구,전세,오피스텔,반지하,역세권,9449,0,9.4
송파구,전세,오피스텔,반지하,대학가 인근,15678,0,10.2
송파구,전세,오피스텔,반지하,학교 근처,9849,0,7.8
송파구,전세,오피스텔,반지하,마트 도보 5분,17478,0,8.4
송파구,전세,오피스텔,반지하,버스정류장 인접,26877,0,8.9
송파구,전세,오피스텔,반지하,,27592,0,11.6
송파구,전세,오피스텔,1층,역세권,18507,0,8.4
송파구,전세,오피스텔,1층,대학가 인근,12694,0,12.9
송파구,전세,오피스텔,1층,학교 근처,25080,0,8.3
송파구,전세,오피스텔,1층,마트 도보 5분,17846,0,8.7
송파구,전세,오피스텔,1층,버스정류장 인접,26242,0,12.7
송파구,전세,오피스텔,1층,,13738,0,10.8
송파구,전세,오피스텔,저층,역세권,21998,0,10.3
송파구,전세,오피스텔,저층,대학가 인근,9536,0,12.8
송파구,전세,오피스텔,저층,학교 근처,29080,0,11.0
송파구,전세,오피스텔,저층,마트 도보 5분,25185,0,8.9
송파구,전세,오피스텔,저층,버스정류장 인접,21642,0,9.4
송파구,전세,오피스텔,저층,,17826,0,9.3
송파구,전세,오피스텔,중층,역세권,25626,0,9.8
송파구,전세,오피스텔,중층,대학가 인근,15384,0,8.8
송파구,전세,오피스텔,중층,학교 근처,12730,0,11.8
송파구,전세,오피스텔,중층,마트 도보 5분,9888,0,10.4
송파구,전세,오피스텔,중층,버스정류장 인접,21648,0,10.3
송파구,전세,오피스텔,중층,,12393,0,9.3
송파구,전세,오피스텔,고층,역세권,16355,0,8.2
송파구,전세,오피스텔,고층,대학가 인근,29191,0,7.5
송파구,전세,오피스텔,고층,학교 근처,22738,0,12.1
송파구,전세,오피스텔,고층,마트 도보 5분,11029,0,10.2
송파구,전세,오피스텔,고층,버스정류장 인접,14241,0,7.3
송파구,전세,오피스텔,고층,,20359,0,11.0
송파구,월세,원룸,반지하,역세권,661,83,8.5
송파구,월세,원룸,반지하,대학가 인근,2906,57,7.9
송파구,월세,원룸,반지하,학교 근처,1388,80,6.9
송파구,월세,원룸,반지하,마트 도보 5분,1741,66,8.8
송파구,월세,원룸,반지하,버스정류장 인접,1367,45,8.7
송파구,월세,원룸,반지하,,2461,52,8.7
송파구,월세,원룸,1층,역세권,1337,83,6.6
송파구,월세,원룸,1층,대학가 인근,2761,60,6.3
송파구,월세,원룸,1층,학교 근처,2059,63,6.9
송파구,월세,원룸,1층,마트 도보 5분,1763,67,6.0
송파구,월세,원룸,1층,버스정류장 인접,2536,77,6.9
송파구,월세,원룸,1층,,1811,75,8.7
송파구,월세,원룸,저층,역세권,1781,68,6.7
송파구,월세,원룸,저층,대학가 인근,1406,81,8.0
송파구,월세,원룸,저층,학교 근처,1568,46,7.2
송파구,월세,원룸,저층,마트 도보 5분,2872,82,7.9
송파구,월세,원룸,저층,버스정류장 인접,1124,63,5.8
송파구,월세,원룸,저층,,2055,59,7.3
송파구,월세,원룸,중층,역세권,2545,60,7.2
송파구,월세,원룸,중층,대학가 인근,1554,66,8.1
송파구,월세,원룸,중층,학교 근처,2509,76,6.8
송파구,월세,원룸,중층,마트 도보 5분,1193,67,5.6
송파구,월세,원룸,중층,버스정류장 인접,2500,79,5.7
송파구,월세,원룸,중층,,740,79,7.1
송파구,월세,원룸,고층,역세권,698,49,8.1
송파구,월세,원룸,고층,대학가 인근,1063,71,8.4
송파구,월세,원룸,고층,학교 근처,778,59,7.8
송파구,월세,원룸,고층,마트 도보 5분,1395,45,7.0
송파구,월세,원룸,고층,버스정류장 인접,747,68,7.5
송파구,월세,원룸,고층,,2479,84,7.6
송파구,월세,투룸,반지하,역세권,527,46,13.2
송파구,월세,투룸,반지하,대학가 인근,548,71,10.1
송파구,월세,투룸,반지하,학교 근처,2694,62,15.9
송파구,월세,투룸,반지하,마트 도보 5분,2557,46,14.9
송파구,월세,투룸,반지하,버스정류장 인접,1234,72,10.6
송파구,월세,투룸,반지하,,2647,51,10.9
송파구,월세,투룸,1층,역세권,2656,57,11.5
송파구,월세,투룸,1층,대학가 인근,1594,67,14.8
송파구,월세,투룸,1층,학교 근처,2028,50,15.8
송파구,월세,투룸,1층,마트 도보 5분,2814,74,11.5
송파구,월세,투룸,1층,버스정류장 인접,1728,59,14.1
송파구,월세,투룸,1층,,629,50,10.6
송파구,월세,투룸,저층,역세권,2044,69,13.3
송파구,월세,투룸,저층,대학가 인근,538,48,14.2
송파구,월세,투룸,저층,학교 근처,2547,50,15.1
송파구,월세,투룸,저층,마트 도보 5분,2817,66,15.9
송파구,월세,투룸,저층,버스정류장 인접,2663,51,15.5
송파구,월세,투룸,저층,,1365,59,15.4
송파구,월세,투룸,중층,역세권,2447,81,11.6
송파구,월세,투룸,중층,대학가 인근,1648,49,15.4
송파구,월세,투룸,중층,학교 근처,634,81,11.1
송파구,월세,투룸,중층,마트 도보 5분,564,65,15.8
송파구,월세,투룸,중층,버스정류장 인접,1090,82,14.5
송파구,월세,투룸,중층,,815,70,11.8
송파구,월세,투룸,고층,역세권,1484,81,13.4
송파구,월세,투룸,고층,대학가 인근,2714,69,12.0
송파구,월세,투룸,고층,학교 근처,821,53,13.0
송파구,월세,투룸,고층,마트 도보 5분,719,67,10.6
송파구,월세,투룸,고층,버스정류장 인접,811,59,12.0
송파구,월세,투룸,고층,,2939,84,12.4
송파구,월세,오피스텔,반지하,역세권,621,65,10.8
송파구,월세,오피스텔,반지하,대학가 인근,2509,73,8.4
송파구,월세,오피스텔,반지하,학교 근처,2037,80,9.6
송파구,월세,오피스텔,반지하,마트 도보 5분,2056,82,7.5
송파구,월세,오피스텔,반지하,버스정류장 인접,1709,84,11.8
송파구,월세,오피스텔,반지하,,836,49,8.6
송파구,월세,오피스텔,1층,역세권,1131,69,11.4
송파구,월세,오피스텔,1층,대학가 인근,1977,65,7.6
송파구,월세,오피스텔,1층,학교 근처,1762,45,9.7
송파구,월세,오피스텔,1층,마트 도보 5분,918,62,7.8
송파구,월세,오피스텔,1층,버스정류장 인접,2265,56,9.7
송파구,월세,오피스텔,1층,,2598,80,9.4
송파구,월세,오피스텔,저층,역세권,867,46,9.1
송파구,월세,오피스텔,저층,대학가 인근,2945,50,10.6
송파구,월세,오피스텔,저층,학교 근처,2077,65,7.1
송파구,월세,오피스텔,저층,마트 도보 5분,2088,71,11.7
송파구,월세,오피스텔,저층,버스정류장 인접,1494,80,10.4
송파구,월세,오피스텔,저층,,2059,55,8.0
송파구,월세,오피스텔,중층,역세권,1733,62,8.6
송파구,월세,오피스텔,중층,대학가 인근,759,54,8.0
송파구,월세,오피스텔,중층,학교 근처,2224,62,8.8
송파구,월세,오피스텔,중층,마트 도보 5분,1979,49,8.5
송파구,월세,오피스텔,중층,버스정류장 인접,2530,60,10.6
송파구,월세,오피스텔,중층,,2375,57,7.6
송파구,월세,오피스텔,고층,역세권,527,64,12.7
송파구,월세,오피스텔,고층,대학가 인근,2056,66,11.8
송파구,월세,오피스텔,고층,학교 근처,2303,66,9.0
송파구,월세,오피스텔,고층,마트 도보 5분,1057,83,8.8
송파구,월세,오피스텔,고층,버스정류장 인접,1322,83,9.9
송파구,월세,오피스텔,고층,,2131,56,12.8
